id,filtered_words_str,features_str,label_index
R001,experts warn flat earth conspiracy theories spread.,"(10000,[133,1092,2918,3365,4506,8508,9676],[0.5108256237659907,0.5108256237659907,0.9162907318741551,0.5108256237659907,0.5108256237659907,0.5108256237659907,0.9162907318741551])",0.0
R002,authorities address current developments budget report.,"(10000,[2513,4454,4991,5432,9189,9462],[0.5108256237659907,0.5108256237659907,0.9162907318741551,0.9162907318741551,0.9162907318741551,0.9162907318741551])",1.0
R003,experts warn secret cure conspiracy theories spread.,"(10000,[133,1092,3365,3892,4506,6747,8508],[0.5108256237659907,0.5108256237659907,0.5108256237659907,0.9162907318741551,0.5108256237659907,0.9162907318741551,0.5108256237659907])",0.0
R004,authorities address new climate policy changes press release.,"(10000,[585,821,1998,2513,3373,4142,4454,6622],[0.9162907318741551,0.9162907318741551,0.9162907318741551,0.5108256237659907,0.9162907318741551,0.9162907318741551,0.5108256237659907,0.9162907318741551])",1.0
